{
    "realm": "ehr",
    "enabled": true,
    "registrationAllowed": true,
    "loginWithEmailAllowed": true,
    "resetPasswordAllowed": true,
    "roles": {
        "realm": [
            {
                "name": "owner",
                "description": "Owner of the practice"
            },
            {
                "name": "admin",
                "description": "Admin: intake, scheduling, paperwork, etc."
            },
            {
                "name": "biller",
                "description": "Biller: handles billing and insurance"
            },
            {
                "name": "clinician",
                "description": "Clinician: provides patient care"
            }
        ]
    },
    "clients": [
        {
            "clientId": "ehr-backend",
            "name": "EHR Backend",
            "protocol": "openid-connect",
            "publicClient": false,
            "serviceAccountsEnabled": true,
            "standardFlowEnabled": true,
            "directAccessGrantsEnabled": true,
            "redirectUris": [
                "http://localhost:3000/api/auth/callback",
                "http://127.0.0.1:3000/api/auth/callback"
            ],
            "attributes": {
                "pkce.code.challenge.method": "S256"
            }
        }
    ]
}